rank,pinyin_form,chinese_forms,group_size,count_or_frequency_if_available,source_file,manual_status
1,yì,乂 | 义 | 亦 | 亿 | 佚 | 刈 | 奕 | 屹 | 异 | 弈 | 弋 | 役 | 忆 | 意 | 懿 | 抑 | 挹 | 易 | 毅 | 溢 | 疫 | 益 | 绎 | 缢 | 羿 | 翊 | 翌 | 翼 | 肄 | 艺 | 蜴 | 裔 | 议 | 译 | 诣 | 谊 | 轶 | 逸 | 邑 | 驿 | 鮨,41,41,/Users/crisp/Desktop/code_field/python/Chinese_Latinization_NLP/1.Tokenization/decoded_superTokenizers_2048_subset100k/table2/table2_ad_overlap_superBPE_outputs/table2_ad_overlap_superBPE_details.csv,needs_manual_genuine_homophone_check
2,xī,僖 | 兮 | 吸 | 嘻 | 夕 | 奚 | 嬉 | 希 | 息 | 悉 | 惜 | 昔 | 晰 | 曦 | 析 | 汐 | 溪 | 烯 | 熄 | 熙 | 熹 | 牺 | 犀 | 硒 | 稀 | 羲 | 膝 | 蜥 | 西 | 谿 | 醯 | 锡,32,32,/Users/crisp/Desktop/code_field/python/Chinese_Latinization_NLP/1.Tokenization/decoded_superTokenizers_2048_subset100k/table2/table2_ad_overlap_superBPE_outputs/table2_ad_overlap_superBPE_details.csv,needs_manual_genuine_homophone_check
3,lì,丽 | 例 | 俐 | 俪 | 利 | 力 | 励 | 历 | 厉 | 吏 | 坜 | 栃 | 栎 | 栗 | 歴 | 沥 | 溧 | 痢 | 砺 | 砾 | 立 | 笠 | 粒 | 脷 | 荔 | 莅 | 莉 | 蛎 | 隶 | 雳,30,30,/Users/crisp/Desktop/code_field/python/Chinese_Latinization_NLP/1.Tokenization/decoded_superTokenizers_2048_subset100k/table2/table2_ad_overlap_superBPE_outputs/table2_ad_overlap_superBPE_details.csv,needs_manual_genuine_homophone_check
4,jì,伎 | 冀 | 剂 | 妓 | 季 | 寂 | 寄 | 忌 | 技 | 既 | 暨 | 济 | 祭 | 稷 | 纪 | 继 | 绩 | 蓟 | 觊 | 计 | 记 | 迹 | 际 | 霁 | 骥 | 髻 | 鲫,27,27,/Users/crisp/Desktop/code_field/python/Chinese_Latinization_NLP/1.Tokenization/decoded_superTokenizers_2048_subset100k/table2/table2_ad_overlap_superBPE_outputs/table2_ad_overlap_superBPE_details.csv,needs_manual_genuine_homophone_check
5,shì,世 | 事 | 仕 | 似 | 侍 | 势 | 嗜 | 噬 | 士 | 室 | 市 | 式 | 弑 | 恃 | 是 | 柿 | 氏 | 示 | 视 | 誓 | 试 | 谥 | 轼 | 适 | 逝 | 释 | 饰,27,27,/Users/crisp/Desktop/code_field/python/Chinese_Latinization_NLP/1.Tokenization/decoded_superTokenizers_2048_subset100k/table2/table2_ad_overlap_superBPE_outputs/table2_ad_overlap_superBPE_details.csv,needs_manual_genuine_homophone_check
6,yù,喻 | 域 | 堉 | 寓 | 峪 | 御 | 愈 | 昱 | 欲 | 毓 | 浴 | 煜 | 狱 | 玉 | 聿 | 育 | 芋 | 裕 | 誉 | 谕 | 豫 | 遇 | 郁 | 钰 | 阈 | 预 | 驭,27,27,/Users/crisp/Desktop/code_field/python/Chinese_Latinization_NLP/1.Tokenization/decoded_superTokenizers_2048_subset100k/table2/table2_ad_overlap_superBPE_outputs/table2_ad_overlap_superBPE_details.csv,needs_manual_genuine_homophone_check
7,qí,俟 | 其 | 圻 | 埼 | 奇 | 岐 | 崎 | 旗 | 棋 | 歧 | 淇 | 琦 | 琪 | 碁 | 祁 | 祇 | 祈 | 祺 | 綦 | 耆 | 脐 | 蕲 | 骑 | 鳍 | 麒 | 齐,26,26,/Users/crisp/Desktop/code_field/python/Chinese_Latinization_NLP/1.Tokenization/decoded_superTokenizers_2048_subset100k/table2/table2_ad_overlap_superBPE_outputs/table2_ad_overlap_superBPE_details.csv,needs_manual_genuine_homophone_check
8,jí,亟 | 佶 | 即 | 及 | 吉 | 嫉 | 岌 | 急 | 极 | 棘 | 楫 | 汲 | 疾 | 瘠 | 笈 | 籍 | 级 | 脊 | 藉 | 诘 | 辑 | 集,22,22,/Users/crisp/Desktop/code_field/python/Chinese_Latinization_NLP/1.Tokenization/decoded_superTokenizers_2048_subset100k/table2/table2_ad_overlap_superBPE_outputs/table2_ad_overlap_superBPE_details.csv,needs_manual_genuine_homophone_check
9,jī,乩 | 击 | 圾 | 基 | 姬 | 撃 | 机 | 激 | 玑 | 畸 | 畿 | 矶 | 积 | 稽 | 箕 | 缉 | 羁 | 肌 | 讥 | 跻 | 饥 | 鸡,22,22,/Users/crisp/Desktop/code_field/python/Chinese_Latinization_NLP/1.Tokenization/decoded_superTokenizers_2048_subset100k/table2/table2_ad_overlap_superBPE_outputs/table2_ad_overlap_superBPE_details.csv,needs_manual_genuine_homophone_check
10,zhì,制 | 峙 | 帜 | 志 | 挚 | 掷 | 智 | 栉 | 治 | 滞 | 炙 | 秩 | 稚 | 窒 | 置 | 至 | 致 | 蛭 | 质 | 郅 | 陟 | 雉,22,22,/Users/crisp/Desktop/code_field/python/Chinese_Latinization_NLP/1.Tokenization/decoded_superTokenizers_2048_subset100k/table2/table2_ad_overlap_superBPE_outputs/table2_ad_overlap_superBPE_details.csv,needs_manual_genuine_homophone_check
11,yú,于 | 余 | 俞 | 妤 | 娱 | 愉 | 愚 | 於 | 榆 | 渔 | 渝 | 瑜 | 盂 | 禺 | 舆 | 虞 | 觎 | 逾 | 隅 | 馀 | 鱼,21,21,/Users/crisp/Desktop/code_field/python/Chinese_Latinization_NLP/1.Tokenization/decoded_superTokenizers_2048_subset100k/table2/table2_ad_overlap_superBPE_outputs/table2_ad_overlap_superBPE_details.csv,needs_manual_genuine_homophone_check
12,bì,哔 | 壁 | 婢 | 币 | 庇 | 弊 | 弼 | 必 | 毕 | 毙 | 璧 | 碧 | 臂 | 苾 | 蔽 | 裨 | 避 | 铋 | 闭 | 陛,20,20,/Users/crisp/Desktop/code_field/python/Chinese_Latinization_NLP/1.Tokenization/decoded_superTokenizers_2048_subset100k/table2/table2_ad_overlap_superBPE_outputs/table2_ad_overlap_superBPE_details.csv,needs_manual_genuine_homophone_check
13,fù,付 | 傅 | 副 | 咐 | 复 | 妇 | 富 | 父 | 缚 | 腹 | 蝮 | 覆 | 讣 | 负 | 赋 | 赴 | 阜 | 附 | 馥 | 驸,20,20,/Users/crisp/Desktop/code_field/python/Chinese_Latinization_NLP/1.Tokenization/decoded_superTokenizers_2048_subset100k/table2/table2_ad_overlap_superBPE_outputs/table2_ad_overlap_superBPE_details.csv,needs_manual_genuine_homophone_check
14,fú,伏 | 佛 | 俘 | 匐 | 孚 | 幅 | 弗 | 扶 | 拂 | 服 | 氟 | 浮 | 涪 | 福 | 符 | 芙 | 苻 | 蝠 | 辐,19,19,/Users/crisp/Desktop/code_field/python/Chinese_Latinization_NLP/1.Tokenization/decoded_superTokenizers_2048_subset100k/table2/table2_ad_overlap_superBPE_outputs/table2_ad_overlap_superBPE_details.csv,needs_manual_genuine_homophone_check
15,jiàn,件 | 健 | 僭 | 剑 | 建 | 涧 | 渐 | 溅 | 箭 | 腱 | 舰 | 荐 | 见 | 谏 | 贱 | 践 | 鉴 | 键,18,18,/Users/crisp/Desktop/code_field/python/Chinese_Latinization_NLP/1.Tokenization/decoded_superTokenizers_2048_subset100k/table2/table2_ad_overlap_superBPE_outputs/table2_ad_overlap_superBPE_details.csv,needs_manual_genuine_homophone_check
16,jù,俱 | 具 | 剧 | 句 | 巨 | 惧 | 拒 | 据 | 炬 | 聚 | 苣 | 距 | 踞 | 遽 | 钜 | 锯 | 飓,17,17,/Users/crisp/Desktop/code_field/python/Chinese_Latinization_NLP/1.Tokenization/decoded_superTokenizers_2048_subset100k/table2/table2_ad_overlap_superBPE_outputs/table2_ad_overlap_superBPE_details.csv,needs_manual_genuine_homophone_check
17,wèi,为 | 位 | 卫 | 味 | 喂 | 尉 | 慰 | 未 | 渭 | 猬 | 畏 | 胃 | 蔚 | 衞 | 谓 | 魏 | 鳚,17,17,/Users/crisp/Desktop/code_field/python/Chinese_Latinization_NLP/1.Tokenization/decoded_superTokenizers_2048_subset100k/table2/table2_ad_overlap_superBPE_outputs/table2_ad_overlap_superBPE_details.csv,needs_manual_genuine_homophone_check
18,huì,会 | 卉 | 喙 | 彗 | 惠 | 慧 | 晦 | 汇 | 秽 | 绘 | 荟 | 蕙 | 讳 | 诲 | 贿,15,15,/Users/crisp/Desktop/code_field/python/Chinese_Latinization_NLP/1.Tokenization/decoded_superTokenizers_2048_subset100k/table2/table2_ad_overlap_superBPE_outputs/table2_ad_overlap_superBPE_details.csv,needs_manual_genuine_homophone_check
19,hé,何 | 劾 | 合 | 和 | 核 | 河 | 涸 | 盒 | 禾 | 荷 | 菏 | 阂 | 阖 | 鞨 | 颌,15,15,/Users/crisp/Desktop/code_field/python/Chinese_Latinization_NLP/1.Tokenization/decoded_superTokenizers_2048_subset100k/table2/table2_ad_overlap_superBPE_outputs/table2_ad_overlap_superBPE_details.csv,needs_manual_genuine_homophone_check
20,líng,〇 | 伶 | 凌 | 灵 | 玲 | 绫 | 羚 | 翎 | 聆 | 苓 | 菱 | 铃 | 陵 | 零 | 龄,15,15,/Users/crisp/Desktop/code_field/python/Chinese_Latinization_NLP/1.Tokenization/decoded_superTokenizers_2048_subset100k/table2/table2_ad_overlap_superBPE_outputs/table2_ad_overlap_superBPE_details.csv,needs_manual_genuine_homophone_check
21,yuán,元 | 原 | 员 | 园 | 圆 | 垣 | 援 | 沅 | 源 | 猿 | 縁 | 缘 | 螈 | 袁 | 辕,15,15,/Users/crisp/Desktop/code_field/python/Chinese_Latinization_NLP/1.Tokenization/decoded_superTokenizers_2048_subset100k/table2/table2_ad_overlap_superBPE_outputs/table2_ad_overlap_superBPE_details.csv,needs_manual_genuine_homophone_check
22,yán,严 | 妍 | 岩 | 延 | 檐 | 沿 | 炎 | 盐 | 研 | 筵 | 簷 | 言 | 闫 | 阎 | 颜,15,15,/Users/crisp/Desktop/code_field/python/Chinese_Latinization_NLP/1.Tokenization/decoded_superTokenizers_2048_subset100k/table2/table2_ad_overlap_superBPE_outputs/table2_ad_overlap_superBPE_details.csv,needs_manual_genuine_homophone_check
23,è,è | 厄 | 噩 | 垩 | 恶 | 扼 | 腭 | 萼 | 轭 | 遏 | 鄂 | 锷 | 颚 | 饿 | 鳄,15,15,/Users/crisp/Desktop/code_field/python/Chinese_Latinization_NLP/1.Tokenization/decoded_superTokenizers_2048_subset100k/table2/table2_ad_overlap_superBPE_outputs/table2_ad_overlap_superBPE_details.csv,needs_manual_genuine_homophone_check
24,lí,厘 | 喱 | 梨 | 漓 | 犁 | 狸 | 璃 | 离 | 篱 | 罹 | 藜 | 蠡 | 骊 | 黎,14,14,/Users/crisp/Desktop/code_field/python/Chinese_Latinization_NLP/1.Tokenization/decoded_superTokenizers_2048_subset100k/table2/table2_ad_overlap_superBPE_outputs/table2_ad_overlap_superBPE_details.csv,needs_manual_genuine_homophone_check
25,xiāo,哮 | 嚣 | 宵 | 枭 | 消 | 潇 | 硝 | 箫 | 萧 | 逍 | 销 | 霄 | 骁 | 鸮,14,14,/Users/crisp/Desktop/code_field/python/Chinese_Latinization_NLP/1.Tokenization/decoded_superTokenizers_2048_subset100k/table2/table2_ad_overlap_superBPE_outputs/table2_ad_overlap_superBPE_details.csv,needs_manual_genuine_homophone_check
26,xù,勖 | 叙 | 婿 | 序 | 恤 | 敍 | 旭 | 溆 | 煦 | 絮 | 绪 | 续 | 蓄 | 酗,14,14,/Users/crisp/Desktop/code_field/python/Chinese_Latinization_NLP/1.Tokenization/decoded_superTokenizers_2048_subset100k/table2/table2_ad_overlap_superBPE_outputs/table2_ad_overlap_superBPE_details.csv,needs_manual_genuine_homophone_check
27,yàn,厌 | 咽 | 唁 | 堰 | 宴 | 彦 | 晏 | 焰 | 燕 | 砚 | 艳 | 谚 | 雁 | 验,14,14,/Users/crisp/Desktop/code_field/python/Chinese_Latinization_NLP/1.Tokenization/decoded_superTokenizers_2048_subset100k/table2/table2_ad_overlap_superBPE_outputs/table2_ad_overlap_superBPE_details.csv,needs_manual_genuine_homophone_check
28,yí,仪 | 夷 | 姨 | 宜 | 嶷 | 彝 | 怡 | 沂 | 疑 | 移 | 胰 | 贻 | 遗 | 颐,14,14,/Users/crisp/Desktop/code_field/python/Chinese_Latinization_NLP/1.Tokenization/decoded_superTokenizers_2048_subset100k/table2/table2_ad_overlap_superBPE_outputs/table2_ad_overlap_superBPE_details.csv,needs_manual_genuine_homophone_check
29,bèi,倍 | 备 | 孛 | 悖 | 惫 | 焙 | 碚 | 背 | 蓓 | 被 | 贝 | 辈 | 钡,13,13,/Users/crisp/Desktop/code_field/python/Chinese_Latinization_NLP/1.Tokenization/decoded_superTokenizers_2048_subset100k/table2/table2_ad_overlap_superBPE_outputs/table2_ad_overlap_superBPE_details.csv,needs_manual_genuine_homophone_check
30,bó,亳 | 伯 | 勃 | 博 | 帛 | 搏 | 渤 | 箔 | 脖 | 舶 | 钹 | 铂 | 驳,13,13,/Users/crisp/Desktop/code_field/python/Chinese_Latinization_NLP/1.Tokenization/decoded_superTokenizers_2048_subset100k/table2/table2_ad_overlap_superBPE_outputs/table2_ad_overlap_superBPE_details.csv,needs_manual_genuine_homophone_check
31,chéng,丞 | 乘 | 呈 | 城 | 埕 | 惩 | 成 | 承 | 晟 | 橙 | 澄 | 程 | 诚,13,13,/Users/crisp/Desktop/code_field/python/Chinese_Latinization_NLP/1.Tokenization/decoded_superTokenizers_2048_subset100k/table2/table2_ad_overlap_superBPE_outputs/table2_ad_overlap_superBPE_details.csv,needs_manual_genuine_homophone_check
32,jié,劫 | 婕 | 截 | 拮 | 捷 | 杰 | 洁 | 睫 | 竭 | 结 | 羯 | 节 | 颉,13,13,/Users/crisp/Desktop/code_field/python/Chinese_Latinization_NLP/1.Tokenization/decoded_superTokenizers_2048_subset100k/table2/table2_ad_overlap_superBPE_outputs/table2_ad_overlap_superBPE_details.csv,needs_manual_genuine_homophone_check
33,jiān,兼 | 坚 | 奸 | 尖 | 歼 | 煎 | 犍 | 监 | 笺 | 肩 | 艰 | 菅 | 间,13,13,/Users/crisp/Desktop/code_field/python/Chinese_Latinization_NLP/1.Tokenization/decoded_superTokenizers_2048_subset100k/table2/table2_ad_overlap_superBPE_outputs/table2_ad_overlap_superBPE_details.csv,needs_manual_genuine_homophone_check
34,jiāo,交 | 娇 | 椒 | 浇 | 焦 | 礁 | 胶 | 蕉 | 蛟 | 跤 | 郊 | 骄 | 鲛,13,13,/Users/crisp/Desktop/code_field/python/Chinese_Latinization_NLP/1.Tokenization/decoded_superTokenizers_2048_subset100k/table2/table2_ad_overlap_superBPE_outputs/table2_ad_overlap_superBPE_details.csv,needs_manual_genuine_homophone_check
35,jiǎo,佼 | 侥 | 剿 | 搅 | 狡 | 皎 | 矫 | 绞 | 缴 | 脚 | 角 | 铰 | 饺,13,13,/Users/crisp/Desktop/code_field/python/Chinese_Latinization_NLP/1.Tokenization/decoded_superTokenizers_2048_subset100k/table2/table2_ad_overlap_superBPE_outputs/table2_ad_overlap_superBPE_details.csv,needs_manual_genuine_homophone_check
36,jué,傕 | 决 | 厥 | 嚼 | 抉 | 掘 | 爵 | 獗 | 珏 | 绝 | 蕨 | 觉 | 诀,13,13,/Users/crisp/Desktop/code_field/python/Chinese_Latinization_NLP/1.Tokenization/decoded_superTokenizers_2048_subset100k/table2/table2_ad_overlap_superBPE_outputs/table2_ad_overlap_superBPE_details.csv,needs_manual_genuine_homophone_check
37,jìng,净 | 境 | 径 | 敬 | 痉 | 竞 | 竟 | 胫 | 迳 | 镜 | 靓 | 靖 | 静,13,13,/Users/crisp/Desktop/code_field/python/Chinese_Latinization_NLP/1.Tokenization/decoded_superTokenizers_2048_subset100k/table2/table2_ad_overlap_superBPE_outputs/table2_ad_overlap_superBPE_details.csv,needs_manual_genuine_homophone_check
38,jīng,京 | 惊 | 旌 | 晶 | 泾 | 睛 | 精 | 经 | 腈 | 茎 | 荆 | 菁 | 鲸,13,13,/Users/crisp/Desktop/code_field/python/Chinese_Latinization_NLP/1.Tokenization/decoded_superTokenizers_2048_subset100k/table2/table2_ad_overlap_superBPE_outputs/table2_ad_overlap_superBPE_details.csv,needs_manual_genuine_homophone_check
39,lín,临 | 啉 | 林 | 淋 | 琳 | 璘 | 磷 | 遴 | 邻 | 霖 | 鳞 | 麟 | 𬘭,13,13,/Users/crisp/Desktop/code_field/python/Chinese_Latinization_NLP/1.Tokenization/decoded_superTokenizers_2048_subset100k/table2/table2_ad_overlap_superBPE_outputs/table2_ad_overlap_superBPE_details.csv,needs_manual_genuine_homophone_check
40,lù,录 | 戮 | 潞 | 璐 | 碌 | 禄 | 赂 | 路 | 陆 | 露 | 鹭 | 鹿 | 麓,13,13,/Users/crisp/Desktop/code_field/python/Chinese_Latinization_NLP/1.Tokenization/decoded_superTokenizers_2048_subset100k/table2/table2_ad_overlap_superBPE_outputs/table2_ad_overlap_superBPE_details.csv,needs_manual_genuine_homophone_check
41,méi,媒 | 枚 | 梅 | 楣 | 没 | 湄 | 煤 | 玫 | 眉 | 莓 | 酶 | 霉 | 鹛,13,13,/Users/crisp/Desktop/code_field/python/Chinese_Latinization_NLP/1.Tokenization/decoded_superTokenizers_2048_subset100k/table2/table2_ad_overlap_superBPE_outputs/table2_ad_overlap_superBPE_details.csv,needs_manual_genuine_homophone_check
42,xīn,䜣 | 心 | 忻 | 新 | 昕 | 欣 | 歆 | 芯 | 薪 | 辛 | 鑫 | 锌 | 馨,13,13,/Users/crisp/Desktop/code_field/python/Chinese_Latinization_NLP/1.Tokenization/decoded_superTokenizers_2048_subset100k/table2/table2_ad_overlap_superBPE_outputs/table2_ad_overlap_superBPE_details.csv,needs_manual_genuine_homophone_check
43,zhēn,侦 | 帧 | 桢 | 榛 | 珍 | 甄 | 真 | 祯 | 箴 | 臻 | 蓁 | 贞 | 针,13,13,/Users/crisp/Desktop/code_field/python/Chinese_Latinization_NLP/1.Tokenization/decoded_superTokenizers_2048_subset100k/table2/table2_ad_overlap_superBPE_outputs/table2_ad_overlap_superBPE_details.csv,needs_manual_genuine_homophone_check
44,guī,傀 | 圭 | 归 | 槻 | 珪 | 瑰 | 皈 | 硅 | 规 | 闺 | 鲑 | 龟,12,12,/Users/crisp/Desktop/code_field/python/Chinese_Latinization_NLP/1.Tokenization/decoded_superTokenizers_2048_subset100k/table2/table2_ad_overlap_superBPE_outputs/table2_ad_overlap_superBPE_details.csv,needs_manual_genuine_homophone_check
45,gōng,供 | 公 | 功 | 宫 | 工 | 弓 | 恭 | 攻 | 肱 | 蚣 | 躬 | 龚,12,12,/Users/crisp/Desktop/code_field/python/Chinese_Latinization_NLP/1.Tokenization/decoded_superTokenizers_2048_subset100k/table2/table2_ad_overlap_superBPE_outputs/table2_ad_overlap_superBPE_details.csv,needs_manual_genuine_homophone_check
46,hú,壶 | 弧 | 斛 | 湖 | 狐 | 瑚 | 糊 | 胡 | 葫 | 蝴 | 醐 | 鹕,12,12,/Users/crisp/Desktop/code_field/python/Chinese_Latinization_NLP/1.Tokenization/decoded_superTokenizers_2048_subset100k/table2/table2_ad_overlap_superBPE_outputs/table2_ad_overlap_superBPE_details.csv,needs_manual_genuine_homophone_check
47,jiǎn,俭 | 减 | 剪 | 拣 | 捡 | 柬 | 检 | 碱 | 简 | 翦 | 茧 | 蹇,12,12,/Users/crisp/Desktop/code_field/python/Chinese_Latinization_NLP/1.Tokenization/decoded_superTokenizers_2048_subset100k/table2/table2_ad_overlap_superBPE_outputs/table2_ad_overlap_superBPE_details.csv,needs_manual_genuine_homophone_check
48,mù,募 | 墓 | 幕 | 慕 | 暮 | 木 | 沐 | 牧 | 目 | 睦 | 穆 | 钼,12,12,/Users/crisp/Desktop/code_field/python/Chinese_Latinization_NLP/1.Tokenization/decoded_superTokenizers_2048_subset100k/table2/table2_ad_overlap_superBPE_outputs/table2_ad_overlap_superBPE_details.csv,needs_manual_genuine_homophone_check
49,shù,墅 | 庶 | 恕 | 戍 | 数 | 术 | 束 | 树 | 漱 | 澍 | 竖 | 述,12,12,/Users/crisp/Desktop/code_field/python/Chinese_Latinization_NLP/1.Tokenization/decoded_superTokenizers_2048_subset100k/table2/table2_ad_overlap_superBPE_outputs/table2_ad_overlap_superBPE_details.csv,needs_manual_genuine_homophone_check
50,shū,书 | 叔 | 抒 | 枢 | 梳 | 殊 | 淑 | 疏 | 纾 | 舒 | 蔬 | 输,12,12,/Users/crisp/Desktop/code_field/python/Chinese_Latinization_NLP/1.Tokenization/decoded_superTokenizers_2048_subset100k/table2/table2_ad_overlap_superBPE_outputs/table2_ad_overlap_superBPE_details.csv,needs_manual_genuine_homophone_check
