converted_hangul,group_size,exists_in_hangulized_vocab,mixed_tokens_joined,train_frequency_sum,dev_frequency_sum
이기,11,True,이其 / 而己 / 이起 / 以其 / 而其 / 이旣 / 利己 / 이己 / 理氣 / 李沂 / 李基,1190,105
지지,8,True,之地 / 知之 / 支持 / 之志 / 地誌 / 地之 / 遲遲 / 之至,498,64
이상,7,True,以上 / 理想 / 이相 / 異常 / 李相 / 李商 / 이尙,1661,171
사를,7,True,事를 / 史를 / 辭를 / 使를 / 死를 / 士를 / 師를,987,108
사의,7,True,事의 / 社의 / 士의 / 死의 / 師의 / 思議 / 史의,598,103
기가,7,True,氣가 / 其家 / 期가 / 機가 / 豈可 / 其可 / 旗가,665,70
의사,6,True,意思 / 의事 / 醫師 / 의四 / 議事 / 義士,786,80
부의,6,True,部의 / 夫의 / 富의 / 婦의 / 父의 / 府의,454,57
지고,6,True,之고 / 知고 / 止고 / 持고 / 至고 / 地고,532,52
기의,6,True,氣의 / 期의 / 其意 / 器의 / 己의 / 機의,451,49
사지,6,True,思之 / 使之 / 四肢 / 事之 / 士之 / 死之,347,39
의정,6,True,의情 / 의定 / 議定 / 의正 / 議政 / 의精,327,35
유의,6,True,類의 / 流의 / 有의 / 留意 / 遊의 / 儒의,384,30
이지,6,True,以至 / 理智 / 而知 / 理之 / 而止 / 以之,221,23
주의,5,True,主義 / 注意 / 州의 / 主의 / 主意,1754,199
이유,5,True,이有 / 理由 / 而有 / 이愈 / 이猶,1917,197
의를,5,True,意를 / 義를 / 議를 / 衣를 / 誼를,704,78
기를,5,True,氣를 / 器를 / 機를 / 旗를 / 期를,673,72
이자,5,True,이自 / 二字 / 而自 / 利子 / 二者,600,69
도의,5,True,道의 / 度의 / 島의 / 道義 / 都의,541,57
지리,5,True,地理 / 之理 / 地利 / 支離 / 之利,433,39
기부,5,True,豈不 / 寄附 / 寄付 / 其父 / 其不,370,39
부여,5,True,不如 / 扶餘 / 賦與 / 夫餘 / 附與,367,38
부를,5,True,部를 / 富를 / 府를 / 否를 / 夫를,313,36
이의,5,True,異議 / 理의 / 里의 / 爾의 / 利의,229,26
의기,5,True,의氣 / 意氣 / 의基 / 宜其 / 의機,231,26
지성,5,True,至誠 / 之盛 / 之性 / 之成 / 之聲,155,24
을시,5,True,을是 / 을試 / 을施 / 을始 / 을示,337,24
부가,5,True,部가 / 夫가 / 婦가 / 不暇 / 附加,217,12
100,4,True,佰 / 百 / 陌 / 一百,1574,165
자가,4,True,者가 / 子가 / 自家 / 字가,1553,160
1000,4,True,仟 / 千 / 阡 / 一千,1174,146
인도,4,True,印度 / 人도 / 人道 / 引導,1016,121
자를,4,True,者를 / 子를 / 字를 / 資를,1304,116
자기,4,True,自己 / 自棄 / 磁器 / 自期,848,114
에부,4,True,에不 / 에付 / 에附 / 에赴,964,109
회의,4,True,會의 / 會議 / 懷疑 / 回의,923,102
이일,4,True,이一 / 이日 / 以一 / 而一,947,81
지사,4,True,志士 / 之事 / 知事 / 之士,598,73
이를,4,True,理를 / 利를 / 里를 / 耳를,541,67
지를,4,True,地를 / 志를 / 旨를 / 紙를,657,63
지도,4,True,指導 / 之道 / 地圖 / 之徒,562,63
성이,4,True,性이 / 聲이 / 城이 / 星이,543,57
의의,4,True,의意 / 意義 / 義의 / 意의,479,56
이위,4,True,以爲 / 而爲 / 이爲 / 已爲,595,55
도가,4,True,度가 / 道가 / 도可 / 徒가,259,51
수가,4,True,數가 / 水가 / 誰가 / 樹가,582,50
원을,4,True,員을 / 圓을 / 源을 / 元을,414,47
여의,4,True,余의 / 女의 / 汝의 / 如意,307,47
수를,4,True,水를 / 數를 / 手를 / 首를,485,45
기인,4,True,其人 / 幾人 / 基因 / 起因,245,44
이이,4,True,而已 / 이已 / 而以 / 이以,369,40
의원,4,True,議員 / 議院 / 의原 / 醫院,313,40
수의,4,True,水의 / 數의 / 隨意 / 手의,308,40
시의,4,True,時의 / 時宜 / 市의 / 詩의,343,39
도를,4,True,道를 / 度를 / 都를 / 島를,394,39
가가,4,True,家가 / 家家 / 價가 / 가可,358,39
이전,4,True,以前 / 이全 / 移轉 / 이前,333,36
신을,4,True,身을 / 神을 / 臣을 / 信을,289,36
성의,4,True,性의 / 誠意 / 城의 / 省의,367,36
구조,4,True,九條 / 搆造 / 構造 / 救助,322,34
지시,4,True,之時 / 只是 / 指示 / 之始,258,33
정의,4,True,正義 / 政의 / 定義 / 定의,255,33
거야,4,True,擧야 / 據야 / 去야 / 居야,243,33
시를,4,True,是를 / 詩를 / 時를 / 市를,294,31
상이,4,True,相異 / 上이 / 狀이 / 相이,310,30
명의,4,True,名義 / 名의 / 明의 / 命의,259,29
적의,4,True,的의 / 適宜 / 敵의 / 賊의,350,28
관을,4,True,官을 / 觀을 / 冠을 / 管을,241,28
여가,4,True,余가 / 女가 / 餘暇 / 汝가,295,26
이가,4,True,利加 / 이可 / 理가 / 而可,232,22
화를,4,True,禍를 / 火를 / 化를 / 花를,186,21
전도,4,True,前途 / 顚倒 / 傳道 / 前塗,302,21
지세,4,True,之勢 / 地勢 / 地稅 / 之世,193,19
이에,4,True,里에 / 裡에 / 裏에 / 理에,223,19
사고,4,True,捨고 / 事고 / 舍고 / 思고,171,18
수야,4,True,隨야 / 守야 / 修야 / 受야,160,16
부자,4,True,夫子 / 父子 / 富者 / 不自,129,14
에전,4,True,에全 / 에專 / 에傳 / 에轉,168,13
대사,4,True,大使 / 代謝 / 大師 / 大事,130,8
이동,4,True,李東 / 移動 / 異同 / 이同,171,6
자,3,True,者 / 子 / 字,2170,231
자의,3,True,者의 / 子의 / 字의,1728,203
지방,3,True,地方 / 脂肪 / 之方,1099,139
유지,3,True,維持 / 有志 / 有之,1106,136
시에,3,True,時에 / 市에 / 是에,1252,135
역을,3,True,力을 / 役을 / 域을,905,114
경성,3,True,京城 / 鏡城 / 警醒,924,112
자는,3,True,者는 / 字는 / 子는,823,111
사상,3,True,思想 / 死傷 / 史上,849,110
지위,3,True,地位 / 之爲 / 之謂,606,83
야이,3,True,야以 / 야而 / 야二,863,76
현상,3,True,現象 / 現狀 / 現像,639,72
연이,3,True,然而 / 年이 / 然이,615,70
지에,3,True,地에 / 之에 / 紙에,619,69
가부,3,True,가不 / 可否 / 可不,602,68
군의,3,True,君의 / 軍의 / 郡의,546,66
사가,3,True,事가 / 士가 / 師가,480,62
자에,3,True,玆에 / 者에 / 子에,575,61
세의,3,True,世의 / 勢의 / 歲의,396,56
자로,3,True,者로 / 子로 / 字로,662,54
차로,3,True,此로 / 次로 / 車로,494,53
지의,3,True,地의 / 之義 / 之意,362,51
성을,3,True,性을 / 城을 / 聲을,596,50
정을,3,True,情을 / 政을 / 程을,374,48
지어,3,True,至於 / 之於 / 止於,481,46
에유,3,True,에有 / 에由 / 에遊,476,46
야에,3,True,也에 / 夜에 / 野에,314,46
부인,3,True,婦人 / 夫人 / 否認,377,46
이역,3,True,이亦 / 異域 / 而亦,428,45
기자,3,True,記者 / 箕子 / 其子,324,45
금지,3,True,禁止 / 今之 / 金志,362,45
일이,3,True,一二 / 日이 / 日耳,376,43
오인,3,True,吾人 / 五人 / 誤認,381,41
군은,3,True,君은 / 軍은 / 郡은,375,41
일신,3,True,一身 / 日新 / 一新,264,39
세를,3,True,勢를 / 世를 / 稅를,374,39
이사,3,True,理事 / 而死 / 이四,175,38
이대,3,True,이大 / 二大 / 李大,427,38
대야,3,True,對야 / 待야 / 大야,308,38
상을,3,True,狀을 / 像을 / 上을,241,37
군을,3,True,軍을 / 君을 / 郡을,286,37
단히,3,True,單히 / 但히 / 端히,304,36
가기,3,True,가其 / 可期 / 가旣,341,36
도에,3,True,道에 / 度에 / 島에,283,35
지야,3,True,之야 / 至야 / 知야,366,34
도로,3,True,道路 / 度로 / 道로,251,34
개선,3,True,改善 / 改選 / 凱旋,194,34
유야,3,True,由야 / 有야 / 流야,446,33
신의,3,True,神의 / 身의 / 臣의,265,33
책을,3,True,策을 / 責을 / 冊을,215,32
유일,3,True,唯一 / 有一 / 惟一,320,32
가를,3,True,家를 / 價를 / 歌를,221,32
차이,3,True,差異 / 此而 / 此二,286,31
지이,3,True,之以 / 智異 / 之而,305,31
이생,3,True,이生 / 而生 / 李生,392,31
의식,3,True,意識 / 衣食 / 儀式,462,31
이차,3,True,以此 / 이此 / 二次,376,30
유시,3,True,由是 / 惟是 / 有是,156,29
식을,3,True,式을 / 食을 / 息을,233,29
가위,3,True,可謂 / 可爲 / 가爲,406,29
야수,3,True,야遂 / 야雖 / 야水,199,28
제정,3,True,制定 / 提呈 / 帝政,248,28
이래,3,True,以來 / 이來 / 爾來,290,28
시기,3,True,時期 / 時機 / 猜忌,364,28
무도,3,True,舞蹈 / 務圖 / 無道,109,28
지기,3,True,知其 / 之氣 / 志氣,225,27
역에,3,True,域에 / 役에 / 力에,234,27
무이,3,True,無異 / 無二 / 無以,182,26
기,3,True,期 / 氣 / 器,173,26
기사,3,True,記事 / 技師 / 其事,201,26
천재,3,True,天才 / 千載 / 天災,160,25
전기,3,True,電氣 / 前記 / 傳記,299,25
신이,3,True,臣이 / 身이 / 神이,208,25
성은,3,True,性은 / 聲은 / 城은,183,25
대의,3,True,代의 / 代議 / 大의,249,25
공의,3,True,公의 / 公議 / 工의,216,25
공사,3,True,公使 / 公私 / 公司,268,25
취야,3,True,取야 / 就야 / 聚야,213,24
심의,3,True,心의 / 沈宜 / 審의,197,24
석에,3,True,昔에 / 夕에 / 席에,119,23
기원,3,True,紀元 / 起源 / 起原,189,23
의수,3,True,依受 / 의數 / 의水,151,22
유리,3,True,琉璃 / 流離 / 有利,186,22
예의,3,True,禮義 / 例의 / 禮儀,108,22
기호,3,True,畿湖 / 嗜好 / 幾戶,263,22
중의,3,True,中의 / 衆의 / 重의,379,21
의상,3,True,의上 / 의相 / 衣裳,155,21
을기,3,True,을期 / 을起 / 을其,185,21
유치,3,True,幼稚 / 幼穉 / 留置,226,21
상고,3,True,上古 / 上告 / 商賈,207,21
공포,3,True,公佈 / 恐怖 / 公布,211,21
학과,3,True,學科 / 學과 / 學課,255,20
의가,3,True,意가 / 義가 / 議가,162,20
을지,3,True,乙支 / 을指 / 을知,138,20
여지,3,True,餘地 / 與之 / 如之,166,20
가로,3,True,家로 / 價로 / 街路,151,20
",이",3,True,",李 / ,二 / ,以",176,20
원의,3,True,員의 / 圓의 / 院의,323,19
사유,3,True,思惟 / 私有 / 事由,226,19
기에,3,True,期에 / 氣에 / 器에,170,19
의전,3,True,의全 / 의前 / 의戰,209,18
성명,3,True,姓名 / 聲明 / 性命,256,18
선을,3,True,線을 / 船을 / 善을,196,18
기도,3,True,祈禱 / 企圖 / 期圖,202,18
장을,3,True,長을 / 場을 / 章을,178,17
유기,3,True,有機 / 惟其 / 有其,183,17
부식,3,True,不識 / 扶植 / 富軾,167,17
지중,3,True,之中 / 地中 / 之衆,152,16
적을,3,True,蹟을 / 敵을 / 跡을,168,16
수용,3,True,需用 / 收容 / 收用,199,16
성적,3,True,成績 / 性的 / 成蹟,223,16
부상,3,True,不相 / 負傷 / 扶桑,105,16
지하,3,True,地下 / 之何 / 之下,148,15
중이,3,True,衆이 / 中이 / 重이,101,15
난을,3,True,難을 / 亂을 / 卵을,177,15
경계,3,True,境界 / 警戒 / 敬啓,146,15
차의,3,True,此의 / 次의 / 車의,174,14
영수,3,True,領受 / 領袖 / 領收,120,14
수에,3,True,水에 / 手에 / 數에,189,14
